user_id,gender,area,age,access_media,goal
1a8adcf53f881ee8,남,송파구,20,인스타그램,아이디어 실현
bfd8847e1257757f,남,강서구,30,검색,부수입 창출
f4445dcb39d1bc54,남,도봉구,20,인스타그램,부수입 창출
75ac4eb719d64179,여,용산구,20,인스타그램,업무효율
f258561fb134f6fd,여,은평구,30,네이버,문제해결
b5c97af4e87dd765,남,강남구,20,페이스북,부수입 창출
483e3dec9fc935ae,여,중구,50,오프라인 광고,의사결정
bf4b762fbada4df2,여,강서구,30,검색,부수입 창출
611e9d846d983e66,남,도봉구,20,인스타그램,부수입 창출
7ac76d2325b54ec1,남,송파구,20,인스타그램,부수입 창출
82b2d4529f53ee52,여,은평구,30,지인추천,의사결정
b69a5eb6767cddba,여,도봉구,20,인스타그램,의사결정
f2884cf124b3e9bb,여,도봉구,20,인스타그램,의사결정
23c58cb5ba63fd9f,여,광진구,30,네이버,업무효율
4151f3751958ca98,남,강서구,30,검색,아이디어 실현
69d9d43f1a8875ee,남,강서구,30,검색,부수입 창출
78774ad5e13da56d,여,강남구,10,페이스북,업무효율
9f4d562dc2d26c7d,여,광진구,30,네이버,아이디어 실현
ee44b6487f766d2b,남,은평구,30,네이버,부수입 창출
1b9a631688ad5a26,여,강남구,10,페이스북,문제해결
93cb18f35a6c9443,여,마포구,20,에브리타임,부수입 창출
c4733b681131cdff,남,도봉구,20,인스타그램,업무효율
e11722da8f586ef6,여,마포구,20,에브리타임,부수입 창출
7f48f17bdbf888a9,여,마포구,20,에브리타임,부수입 창출
5ab5a75826d31448,여,은평구,30,네이버,의사결정
96b95b426a4ada73,남,광진구,30,네이버,부수입 창출
a5fd357d48b853c4,여,강남구,10,페이스북,의사결정
a52c2ee12f5985b6,여,강서구,30,지인추천,문제해결
177a915423e1c9f7,여,용산구,20,인스타그램,부수입 창출
7e679c76e58826bd,여,도봉구,20,인스타그램,부수입 창출
595633de1dfd1662,남,강서구,30,지인추천,문제해결
ac123173dff92fbe,남,용산구,20,인스타그램,리서치 능력
afc2dba7cdbca192,여,광진구,30,네이버,의사결정
b241456649e9a93a,여,중구,40,검색,문제해결
8e48c8427e456a59,여,관악구,20,인스타그램,의사결정
3b154ded4e2f72e6,여,광진구,30,네이버,부수입 창출
bef2d14cf5e4d58e,여,강남구,10,페이스북,부수입 창출
953b2c9ecccaa3ea,여,마포구,20,에브리타임,부수입 창출
938b9378aba29d81,남,강남구,10,페이스북,의사결정
c85cd9168bbe75cc,남,강남구,10,페이스북,부수입 창출
2b7b842e8b128ea3,여,송파구,20,인스타그램,리서치 능력
c85275fff7fdf61c,여,도봉구,20,인스타그램,의사결정
bd417effbad76148,여,강남구,10,페이스북,문제해결
35ad418481d73b3a,여,강남구,20,페이스북,의사결정
e4a26df128f91af7,여,광진구,30,네이버,부수입 창출
1f85c88bfba1e519,남,마포구,20,에브리타임,부수입 창출
7a2a779fb5843514,남,은평구,30,지인추천,의사결정
e26149e5159f339a,여,은평구,30,지인추천,업무효율
be23452bed7353fc,여,강서구,30,지인추천,부수입 창출
fe49ae6f8cf17568,여,마포구,20,에브리타임,의사결정
69c151eea382e9e8,남,용산구,20,인스타그램,의사결정
57beb73fa173edd8,여,강남구,10,페이스북,아이디어 실현
f4efe899b513b74d,여,마포구,20,에브리타임,부수입 창출
6e161e58d3af59e5,남,강남구,20,페이스북,부수입 창출
a92919c1c4d19e9e,여,송파구,20,인스타그램,의사결정
eb6575613ebfb6f9,여,마포구,20,에브리타임,문제해결
852661994a48945d,여,은평구,30,네이버,의사결정
cdc2d11da8737c7d,남,도봉구,20,인스타그램,아이디어 실현
ba77fbc624128b83,여,도봉구,20,인스타그램,의사결정
c16caf5bcf688ab4,남,중구,40,검색,부수입 창출
c41cf8cbf1ca7ac8,남,송파구,20,인스타그램,부수입 창출
97c17dfdc5532e9e,여,관악구,20,인스타그램,부수입 창출
e3ce6c29b47c4db9,여,도봉구,20,인스타그램,의사결정
f8b39ed3d3fb99d4,여,강남구,20,페이스북,아이디어 실현
89b5c4af75e27a43,남,중구,40,오프라인 광고,문제해결
36667eb2512fcb18,여,강남구,10,페이스북,의사결정
c81fa157ccc85dac,여,강서구,30,지인추천,부수입 창출
f125f675f8c2e922,여,강서구,30,지인추천,부수입 창출
d11584bf668e853a,여,강남구,20,페이스북,부수입 창출
adf62f2d8f1af496,여,도봉구,20,인스타그램,부수입 창출
173c17da9c72c3ba,남,송파구,20,인스타그램,부수입 창출
6a55753fe5355b69,여,광진구,30,네이버,부수입 창출
f7b91365914b542e,남,용산구,20,인스타그램,부수입 창출
bde35b6b3b1dbaf5,여,도봉구,20,인스타그램,리서치 능력
587e57f2957bb66b,여,중구,40,오프라인 광고,업무효율
eb5645b5763a7d38,여,도봉구,20,인스타그램,의사결정
ea786ff188156b18,여,강남구,10,페이스북,아이디어 실현
1389bf5be9991e9b,여,광진구,30,네이버,문제해결
a727b93eee7951c9,남,강서구,30,지인추천,부수입 창출
bd2236112b21a6da,남,용산구,20,인스타그램,부수입 창출
3983d4d9e2cf62aa,여,용산구,20,인스타그램,부수입 창출
de548c82353ff663,여,송파구,20,인스타그램,문제해결
f76c7ef36fd4317b,여,광진구,30,네이버,부수입 창출
6bcf7924278ebd3b,남,중구,40,검색,리서치 능력
aa6f47dbb11dfee7,여,광진구,30,네이버,부수입 창출
f71c1c21c29b467a,여,마포구,20,에브리타임,부수입 창출
8e287d3b1cf54d7f,남,은평구,30,네이버,의사결정
cfec6642b477d5e7,여,도봉구,20,인스타그램,부수입 창출
a481b5df4b88ec9d,여,광진구,30,네이버,부수입 창출
38d494bf2b1c5955,여,광진구,30,네이버,업무효율
92d433388d3be5f3,남,강남구,20,페이스북,부수입 창출
ed264b4e7b9511f4,여,용산구,20,인스타그램,문제해결
5e395da39376c331,남,강남구,10,페이스북,업무효율
12dfc3849ef1b868,남,강남구,10,페이스북,부수입 창출
f35adc99ce83e8f9,여,송파구,20,인스타그램,리서치 능력
23d9f7e5d3e6a158,여,강남구,10,페이스북,부수입 창출
fa2522de52968a64,여,용산구,20,인스타그램,부수입 창출
9de726edf7a26be2,여,마포구,20,에브리타임,부수입 창출
6351b46fdbaec9c6,남,은평구,30,네이버,의사결정
adf7e8fe4df4affc,여,강남구,10,페이스북,부수입 창출
13ee394b7b5e3581,여,송파구,20,인스타그램,의사결정
c5aeb8afb792a741,남,강남구,10,페이스북,아이디어 실현
1434be12424a3237,여,도봉구,20,인스타그램,부수입 창출
c7493ab46597ccd1,여,광진구,30,네이버,의사결정
dcf55ad232c27d8f,남,용산구,20,인스타그램,업무효율
8b1dd1b6d6c83b72,여,마포구,20,에브리타임,부수입 창출
74ff49a8e23fa5df,남,강남구,10,페이스북,의사결정
3437321d2fb33c6e,여,광진구,30,네이버,부수입 창출
f4564e47b88ac287,여,강남구,10,페이스북,업무효율
e14c9583735948cd,여,마포구,20,에브리타임,부수입 창출
656ba5b66bebbabe,남,강남구,20,페이스북,아이디어 실현
961e1d21ef513f83,남,도봉구,20,인스타그램,의사결정
f57d9b8528efa77c,여,강남구,10,페이스북,부수입 창출
fd1ccc51762d4746,여,관악구,20,인스타그램,리서치 능력
6aa2d5318839e463,여,중구,30,검색,의사결정
7eaa22754b28732c,여,중구,40,오프라인 광고,부수입 창출
273bc8b21d49bd9e,남,강서구,30,지인추천,업무효율
229db1fed65f1ffa,여,도봉구,20,인스타그램,부수입 창출
9d3b6235d7f53b38,여,은평구,30,지인추천,부수입 창출
b51c8984c3decddc,남,마포구,20,에브리타임,부수입 창출
79557e618bb8263c,남,강남구,10,페이스북,의사결정
a9da42c8ad4f9ab4,여,강서구,30,지인추천,의사결정
5e8af51aeec882d6,여,도봉구,20,인스타그램,아이디어 실현
d244fd841ca61e3a,남,강남구,10,페이스북,부수입 창출
4c26fbf5393bd635,여,강서구,30,지인추천,부수입 창출
a679dcb3e15bea98,여,관악구,20,인스타그램,아이디어 실현
a474aa77cd733b4a,여,광진구,30,네이버,의사결정
c3d624a1741b22e4,여,용산구,20,인스타그램,의사결정
4aa8bb4b6b877cb6,여,마포구,20,에브리타임,부수입 창출
26d1de76d21b9289,남,용산구,20,인스타그램,리서치 능력
e5aa9ee7d9973bed,여,강남구,10,페이스북,의사결정
6de3f6b562ba6c32,남,중구,30,검색,부수입 창출
d3b9d5eeac616aa8,남,도봉구,20,인스타그램,의사결정
4129e4d8963ba148,여,강남구,20,페이스북,아이디어 실현
7482e5dbcd947e1f,여,중구,50,오프라인 광고,부수입 창출
45a5c1da13529dd5,여,도봉구,20,인스타그램,의사결정
9fab669acef9f221,남,강남구,10,페이스북,아이디어 실현
ce7d45578e3c697e,남,광진구,30,네이버,의사결정
b9fa97c53bbdb795,여,은평구,30,지인추천,문제해결
1d2f99244e9d6c71,여,용산구,20,인스타그램,부수입 창출
eaee64355369ee4f,여,은평구,30,네이버,리서치 능력
f5da7c431abd66f9,남,용산구,20,인스타그램,문제해결
77e9dffc8dfc995e,여,용산구,20,인스타그램,아이디어 실현
349738738768c631,여,송파구,20,인스타그램,부수입 창출
f7e3719cb5d53613,남,용산구,20,인스타그램,아이디어 실현
aae2fd3878b2e364,남,용산구,20,인스타그램,부수입 창출
44ad29f79184319f,여,중구,50,오프라인 광고,부수입 창출
9ff433cec577da8c,여,강남구,20,페이스북,리서치 능력
c176a59ace9fd1ef,여,강남구,10,페이스북,부수입 창출
d2eed981d9a3b8cc,남,용산구,20,인스타그램,부수입 창출
2255a67675c5ddea,여,강남구,20,페이스북,의사결정
869be23155757188,남,강남구,10,페이스북,의사결정
a88df926d4693ce6,여,마포구,20,에브리타임,부수입 창출
9dae4e5655c35b8a,여,관악구,20,인스타그램,의사결정
63859a7d4a527a86,남,도봉구,20,인스타그램,부수입 창출
cf4fe1cc22e41621,여,강남구,10,페이스북,아이디어 실현
e1527a6473fdaccd,남,은평구,30,지인추천,의사결정
28b8db9629ffd6ae,여,마포구,20,에브리타임,아이디어 실현
ed9242c69af7d28c,여,용산구,20,인스타그램,부수입 창출
3ebf59d4188d7dfc,남,도봉구,20,인스타그램,아이디어 실현
9c79466413ffec29,여,도봉구,20,인스타그램,부수입 창출
ef5a685acede3749,여,강서구,30,검색,의사결정
2d2a64e46a58f88e,남,송파구,20,인스타그램,리서치 능력
3df327f3abc98981,남,도봉구,20,인스타그램,부수입 창출
39ecccbfc88ca42d,여,강서구,30,지인추천,의사결정
44b366c5ee3ccb45,여,도봉구,20,인스타그램,업무효율
c3f579e2afaca287,여,송파구,20,인스타그램,부수입 창출
96e2d9bedaef8cb4,남,도봉구,20,인스타그램,업무효율
45428646d1b89cec,여,은평구,30,네이버,아이디어 실현
54933b54bfbc57ad,여,중구,30,검색,부수입 창출
1ed753cdc5962244,남,강남구,20,페이스북,부수입 창출
f39521a827617d84,남,강서구,30,지인추천,부수입 창출
d1651a1b2d9fa773,여,중구,40,검색,아이디어 실현
151d7e44bdfe91fa,여,송파구,20,인스타그램,문제해결
5271fcdddc1c434b,여,광진구,30,네이버,부수입 창출
5479295aea9647e3,여,중구,40,오프라인 광고,부수입 창출
e95457ec9b96daab,남,용산구,20,인스타그램,부수입 창출
93de417ac86e4b24,남,도봉구,20,인스타그램,의사결정
cbfffdf1a85cc4c1,여,용산구,20,인스타그램,아이디어 실현
f491dce895a8e4c3,여,도봉구,20,인스타그램,업무효율
7ea8f91ce497835d,남,마포구,20,에브리타임,부수입 창출
6c4533267121c2fc,여,용산구,20,인스타그램,부수입 창출
b4c9cb3d954255fa,남,마포구,20,에브리타임,아이디어 실현
6faed4acfa28f96f,여,마포구,20,에브리타임,부수입 창출
119e3c6eadd4e32b,여,관악구,20,인스타그램,아이디어 실현
68e15388ed753ed5,여,관악구,20,인스타그램,부수입 창출
eb2c5cc986f5dede,남,용산구,20,인스타그램,아이디어 실현
36de38c28d266c5b,남,강남구,20,페이스북,부수입 창출
11cc658144af399d,남,도봉구,20,인스타그램,아이디어 실현
84172c9edebe568f,여,광진구,30,네이버,아이디어 실현
7cdb27af5c7e58f7,여,송파구,20,인스타그램,업무효율
411954c39c35831a,여,광진구,30,네이버,부수입 창출
86f6dbb7f2f768ee,남,강서구,30,검색,업무효율
3a83b6a849abab19,여,도봉구,20,인스타그램,부수입 창출
d529486fb962125f,여,송파구,20,인스타그램,업무효율
ba9286a2dfcb355f,남,강남구,20,페이스북,부수입 창출
bae3b9a73399ff83,남,용산구,20,인스타그램,아이디어 실현
46985986a39d2736,여,중구,40,검색,의사결정
892c13a12fc17f7a,남,용산구,20,인스타그램,아이디어 실현
c4ddca6b8a7d1c23,여,은평구,30,네이버,의사결정
1b18bfbc8352fe3e,남,도봉구,20,인스타그램,부수입 창출
67de5a8d145baf69,남,중구,40,검색,아이디어 실현
9fcb284df93a27a9,여,강남구,20,페이스북,부수입 창출
2db9737fbb8c43f1,여,도봉구,20,인스타그램,업무효율
81ccd5c9ff3a2196,여,은평구,30,지인추천,아이디어 실현
dd26639fab479f82,남,관악구,20,인스타그램,업무효율
9128d4ff2d71c947,여,은평구,30,지인추천,부수입 창출
27e8795263971d7c,남,은평구,30,네이버,부수입 창출
da1149fb233b1de9,남,광진구,30,네이버,부수입 창출
8f927457391d132f,여,마포구,20,에브리타임,부수입 창출
24ffd7b43eb96659,여,송파구,20,인스타그램,리서치 능력
633849941b6ac387,여,은평구,30,지인추천,의사결정
e13fb8674ce74e1b,남,관악구,20,인스타그램,문제해결
cf21c1acd5aacd6a,여,광진구,30,네이버,의사결정
e6e6c5f8719da34a,남,송파구,20,인스타그램,의사결정
78f18bbbcb332132,여,용산구,20,인스타그램,부수입 창출
e46d17d11b9baa5b,여,용산구,20,인스타그램,부수입 창출
de782749efb2fcd4,남,강서구,30,검색,문제해결
d43d1bf9f5266bb7,남,광진구,30,네이버,문제해결
1d1e1c61a5e91788,여,도봉구,20,인스타그램,아이디어 실현
13352535bdf5826a,여,강남구,20,페이스북,부수입 창출
2db4da397c56cee1,여,강남구,20,페이스북,부수입 창출
39187d1558b72993,여,중구,50,오프라인 광고,의사결정
aa5955c37faaec82,여,강남구,10,페이스북,부수입 창출
9a5a3c1174fcf7c9,남,용산구,20,인스타그램,의사결정
2d4f6d7c26baefbc,여,강서구,30,검색,부수입 창출
13f3ab5fb7b83428,여,강남구,10,페이스북,업무효율
2c4cbef44719fdf4,남,용산구,20,인스타그램,의사결정
68bbc792bf4a6fcc,여,강남구,20,페이스북,부수입 창출
24d71b9fd4b4c1ba,남,강남구,20,페이스북,문제해결
335471d9132f7c8e,여,도봉구,20,인스타그램,아이디어 실현
8cfc4481dd7383e3,여,도봉구,20,인스타그램,업무효율
ce59722d913c5bac,여,중구,50,오프라인 광고,부수입 창출
213c11fa674bcc68,여,용산구,20,인스타그램,부수입 창출
74a7dd44f8f5f62e,여,용산구,20,인스타그램,의사결정
d4c9c297d6e6f453,남,관악구,20,인스타그램,부수입 창출
e7bfa176fffdddf3,남,강서구,30,지인추천,의사결정
41deb56f35cdbaa2,여,강서구,30,지인추천,부수입 창출
89b36194676c6e88,여,송파구,20,인스타그램,부수입 창출
4a6fc8451375c353,여,강남구,10,페이스북,업무효율
d2438883d4895d49,남,도봉구,20,인스타그램,의사결정
17996dce87b21b57,여,마포구,20,에브리타임,문제해결
3b9ccaeb1e7864d4,여,은평구,30,지인추천,의사결정
b84d95d8ece3ade7,남,도봉구,20,인스타그램,아이디어 실현
45f12dbbc68f8657,남,강남구,10,페이스북,부수입 창출
333c947f7599d9dd,여,도봉구,20,인스타그램,업무효율
2ee4b66c2a684572,여,강남구,10,페이스북,문제해결
9ba84e9cf8733ce6,여,중구,40,검색,의사결정
224bf36b191449c1,남,광진구,30,네이버,부수입 창출
baf7aaf4e287ed86,여,도봉구,20,인스타그램,의사결정
629ace9ab8ede18d,여,중구,40,검색,의사결정
89ea14ec83acd6c2,남,은평구,30,네이버,부수입 창출
72ffe4728fe5dbb6,남,관악구,20,인스타그램,아이디어 실현
c79baa24b4ce251e,여,용산구,20,인스타그램,문제해결
76eb872e81c8da4a,여,도봉구,20,인스타그램,부수입 창출
aecde2e62d338ad1,여,은평구,30,지인추천,부수입 창출
57184ddba18dc5e2,여,마포구,20,에브리타임,부수입 창출
ef368e6beb97aed3,여,마포구,20,에브리타임,아이디어 실현
1a4bba5d794af76d,남,강남구,10,페이스북,아이디어 실현
c89fb7ac8f8f2574,남,강남구,20,페이스북,의사결정
18262289975b4e7b,여,도봉구,20,인스타그램,의사결정
1af56581c3ccb25a,여,용산구,20,인스타그램,부수입 창출
69f6576197b7ca13,여,강남구,10,페이스북,부수입 창출
af73d2e983aea53c,여,강남구,20,페이스북,부수입 창출
332deb6548478889,여,강남구,10,페이스북,부수입 창출
8b95a6bb8f1763ef,남,관악구,20,인스타그램,리서치 능력
cc15d8e772ef84aa,여,강서구,30,검색,부수입 창출
13758c338f61b849,여,은평구,30,네이버,부수입 창출
edf6e4d7d45efa1e,여,중구,40,오프라인 광고,업무효율
a49a2f28f45984b5,남,강남구,20,페이스북,부수입 창출
5b6bf113fa265cf7,여,마포구,20,에브리타임,업무효율
7c8dc35fc624eecc,여,강남구,10,페이스북,리서치 능력
4a836ae1c1586c7c,남,도봉구,20,인스타그램,리서치 능력
ff67365c96ce6fe2,남,중구,40,오프라인 광고,부수입 창출
3c7a967cb6cec277,여,강남구,20,페이스북,문제해결
14e33f6a2ecb518b,여,관악구,20,인스타그램,업무효율
455959115b825414,여,송파구,20,인스타그램,문제해결
3db62ad495e242b2,남,용산구,20,인스타그램,부수입 창출
e1578daeab1e7e6b,여,강남구,20,페이스북,문제해결
af3f747ccd8af96f,여,송파구,20,인스타그램,리서치 능력
d5ac7c7789c8ddab,남,도봉구,20,인스타그램,업무효율
7a435d1e5c581af8,여,송파구,20,인스타그램,의사결정
ceb6ddad3a8e294c,여,강서구,30,지인추천,부수입 창출
d8f758b73425cb19,여,마포구,20,에브리타임,아이디어 실현
441aea49741d667d,여,광진구,30,네이버,문제해결
737b2cd2a81abe39,남,도봉구,20,인스타그램,부수입 창출
17fd783f8ff18ebc,여,강남구,20,페이스북,부수입 창출
153565174aa56ab5,여,강남구,20,페이스북,문제해결
b5a67238f29879c9,남,도봉구,20,인스타그램,아이디어 실현
287d4c6c51c7e953,남,중구,40,검색,업무효율
89e2a321bdba62ab,여,중구,40,오프라인 광고,의사결정
7afcd11b5bbce65d,여,관악구,20,인스타그램,부수입 창출
d752bc5dab268588,여,은평구,30,지인추천,리서치 능력
78bcae6963458837,여,관악구,20,인스타그램,아이디어 실현
36bae27a9c6d6cb3,남,도봉구,20,인스타그램,의사결정
b14c7519a6b2495f,여,중구,50,오프라인 광고,문제해결
43c4ec2a9f632bb6,남,도봉구,20,인스타그램,문제해결
d14a1aa1fa6f96c2,남,마포구,20,에브리타임,아이디어 실현
742b645e94c68132,여,중구,40,검색,문제해결
f1e28e5f4a91fe61,여,마포구,20,에브리타임,아이디어 실현
51f35bd69c55649e,여,중구,40,검색,업무효율
e31a2fa4a8e18bcc,여,중구,50,오프라인 광고,부수입 창출
ace738548364b379,여,은평구,30,네이버,부수입 창출
3a75ee197ac438ff,여,은평구,30,지인추천,의사결정
df28b5c2c46d8b1d,여,중구,40,검색,리서치 능력
2ea5716871d577ca,여,도봉구,20,인스타그램,부수입 창출
6461cc3395affd5a,남,은평구,30,네이버,의사결정
ad9b49d6426921d5,여,송파구,20,인스타그램,부수입 창출
f273fd1d4b2af6bd,여,강남구,10,페이스북,업무효율
1e32cb16b8dff69f,남,마포구,20,에브리타임,의사결정
7589aaedf22756de,여,마포구,20,에브리타임,부수입 창출
b2e8379241dac9bf,여,관악구,20,인스타그램,부수입 창출
91de1e7ba34ed7b5,여,강남구,10,페이스북,문제해결
d27a58d18298353f,여,강서구,30,검색,업무효율
c87be78495af7cc6,여,강남구,10,페이스북,의사결정
ccbc4fbd349eebaf,여,관악구,20,인스타그램,문제해결
9ce6faae3ce6145d,여,용산구,20,인스타그램,업무효율
3f24e363426c8c4e,여,중구,40,오프라인 광고,부수입 창출
e91c76bf1a7d3aae,여,송파구,20,인스타그램,문제해결
faaa16cffadafcfa,남,중구,50,오프라인 광고,아이디어 실현
86fae2feb2b18bb3,여,중구,40,검색,의사결정
74411fa8c9dbc1f8,여,강남구,20,페이스북,의사결정
42f4f8eea1e39cf4,여,은평구,30,지인추천,업무효율
f2928f86e6ca9c41,여,마포구,20,에브리타임,의사결정
43312c3b8cafe6de,남,용산구,20,인스타그램,부수입 창출
aba11bd72f614f63,여,광진구,30,네이버,아이디어 실현
999241bd533eac5a,남,용산구,20,인스타그램,의사결정
b565f2a879285146,남,강남구,20,페이스북,아이디어 실현
51f634648c43ced1,여,용산구,20,인스타그램,부수입 창출
b85d58c74946c3a6,여,광진구,30,네이버,업무효율
93ca4aad74f61cdd,남,강남구,20,페이스북,의사결정
e3df9ef82894b3a9,여,도봉구,20,인스타그램,아이디어 실현
2a159c5fc2fcba7c,여,강남구,10,페이스북,부수입 창출
6c7819b8efa333c3,남,강남구,10,페이스북,리서치 능력
d7bf52a3fc82f391,여,강서구,30,검색,부수입 창출
7ba2d388c89e611e,여,강서구,30,검색,부수입 창출
c23285c3fc129c5a,여,관악구,20,인스타그램,부수입 창출
89ad77913a6ac7df,남,강서구,30,검색,부수입 창출
eaee99f4a44f54e6,여,관악구,20,인스타그램,의사결정
2cf6b7278ae4aa25,여,강남구,20,페이스북,부수입 창출
cca93947864dd9ca,남,강남구,10,페이스북,의사결정
281839417f7c448a,남,마포구,20,에브리타임,아이디어 실현
652ad561158238cb,여,도봉구,20,인스타그램,부수입 창출
ede6eae356768457,여,강서구,30,지인추천,아이디어 실현
8a2b69b1c2cdce1d,여,은평구,30,지인추천,아이디어 실현
ecb8e183cfeb7be3,여,관악구,20,인스타그램,업무효율
af12f3cf26461ffe,남,광진구,30,네이버,부수입 창출
daaaf26515abd64c,여,은평구,30,지인추천,부수입 창출
6b4923d882ab31f9,남,마포구,20,에브리타임,리서치 능력
5ef4d28e51b5b563,남,은평구,30,지인추천,문제해결
1ec76a88c67c2493,여,광진구,30,네이버,문제해결
46e612c32bf41e44,남,강서구,30,검색,의사결정
3252b96152338493,여,용산구,20,인스타그램,부수입 창출
6bd5a5688159a62e,여,강남구,20,페이스북,업무효율
c75e598c865b6bfa,여,강남구,20,페이스북,의사결정
92693b864e784c9b,남,마포구,20,에브리타임,부수입 창출
2d2513e9f1c25b6a,여,강남구,10,페이스북,부수입 창출
a5a55c764ded99ce,여,강남구,10,페이스북,의사결정
59ae1a63462e8d47,남,강서구,30,지인추천,의사결정
6eb94e492972ade3,여,마포구,20,에브리타임,의사결정
dc8b7e2132173a17,여,관악구,20,인스타그램,부수입 창출
bdbfef83df2a76e9,여,강서구,30,검색,부수입 창출
518cb4c3d64cea7f,남,광진구,30,네이버,부수입 창출
89585815bc2a7e8b,여,강남구,10,페이스북,의사결정
51c8dccd3b67dd64,남,광진구,30,네이버,아이디어 실현
52a65517f38a1583,여,강남구,20,페이스북,부수입 창출
d9145d3e35c9e6ff,여,용산구,20,인스타그램,부수입 창출
3e19f7f94ca54f14,남,용산구,20,인스타그램,의사결정
92f34f561e58ee93,여,강서구,30,지인추천,업무효율
b53428f343f55391,남,강서구,30,지인추천,문제해결
43d579dc1ee84ee9,남,도봉구,20,인스타그램,의사결정
7b16eef64f7f92cb,여,중구,40,검색,부수입 창출
14bf1c5e7876eb21,여,강남구,10,페이스북,의사결정
346f8da61b91f937,여,은평구,30,네이버,부수입 창출
9652edfcea8a7b68,여,용산구,20,인스타그램,아이디어 실현
4bed215c71b45c86,남,관악구,20,인스타그램,부수입 창출
27942969a429a6fa,여,용산구,20,인스타그램,의사결정
529b8dad1a5fafaf,남,강남구,20,페이스북,의사결정
c79643899fd13fc9,남,중구,50,오프라인 광고,부수입 창출
7aeb3dacb436d214,여,강남구,20,페이스북,아이디어 실현
c223c81f9eed8dc9,여,강남구,20,페이스북,아이디어 실현
4af1a78d2f49f5fb,여,강남구,20,페이스북,의사결정
bdeae1b6e66827ae,남,강서구,30,지인추천,의사결정
5d83da1124997e82,여,광진구,30,네이버,부수입 창출
bcf9a63aadefa212,여,도봉구,20,인스타그램,리서치 능력
8ba25df6276ad424,여,중구,50,오프라인 광고,부수입 창출
bccdbc3ec86996b3,여,마포구,20,에브리타임,문제해결
a1244445c1fb68fe,여,용산구,20,인스타그램,부수입 창출
fc4bdbd3ac837315,여,용산구,20,인스타그램,문제해결
6e283a8c3152c364,남,광진구,30,네이버,문제해결
654a5a75c5d23918,남,중구,40,오프라인 광고,부수입 창출
4dbc4f75ee5a38d3,여,강남구,10,페이스북,리서치 능력
5c7551912bcda541,여,강남구,20,페이스북,부수입 창출
b1181c853a6d5d13,여,중구,40,검색,아이디어 실현
39c1cfe22c11e4ab,남,도봉구,20,인스타그램,부수입 창출
2cb3eb1f24f49e88,여,강남구,20,페이스북,부수입 창출
74cea2cb1e7cbc53,여,강남구,10,페이스북,아이디어 실현
c46cb7e1d67dd6ea,여,마포구,20,에브리타임,아이디어 실현
57691c6f955dfde3,여,강남구,20,페이스북,문제해결
493b8bfced6ad913,남,도봉구,20,인스타그램,부수입 창출
deb5285be2e4fcb7,여,강남구,20,페이스북,부수입 창출
8f8b4c66ce9e3176,여,은평구,30,지인추천,부수입 창출
5f6e8577d2a4461b,남,강남구,10,페이스북,아이디어 실현
adf86415f5524dc3,여,강남구,20,페이스북,의사결정
84945a8a6d4c55a8,여,용산구,20,인스타그램,업무효율
3bf53d62371d4227,여,용산구,20,인스타그램,부수입 창출
c4921fb5996de324,남,강남구,10,페이스북,의사결정
2e99eb5b4cbbc4ce,여,은평구,30,지인추천,업무효율
1c5f3be138572f3f,여,강남구,20,페이스북,아이디어 실현
4d7127e88f283ba2,남,강남구,20,페이스북,업무효율
1ea39ab92661fd2c,여,강남구,10,페이스북,문제해결
9e6998ffe4aae1bc,여,중구,40,검색,아이디어 실현
bd5c4a7a28ca15f8,남,강남구,20,페이스북,부수입 창출
89567e4d6bc13f4d,남,은평구,30,지인추천,문제해결
f7d186c21bf4ff49,여,광진구,30,네이버,부수입 창출
fcb92478b1717865,남,강남구,20,페이스북,의사결정
67f2a933c7ff5271,여,마포구,20,에브리타임,부수입 창출
cdb69fda49affce4,남,강서구,30,지인추천,의사결정
541925d696acc852,여,도봉구,20,인스타그램,업무효율
bfe3ef1875b6393b,여,강남구,10,페이스북,문제해결
1b96c1f782b3464a,남,중구,50,오프라인 광고,부수입 창출
6becdb17f9997348,남,도봉구,20,인스타그램,부수입 창출
dc4898477aa77743,여,도봉구,20,인스타그램,의사결정
c827c724bc37dddd,여,송파구,20,인스타그램,부수입 창출
2eb4ed3eb68a6839,여,중구,40,검색,의사결정
16852761349dbf1b,남,마포구,20,에브리타임,부수입 창출
fbd778ed274dc126,여,광진구,30,네이버,아이디어 실현
e86cbb248e8361af,남,강남구,10,페이스북,부수입 창출
ceb458e1b48c654d,남,은평구,30,네이버,의사결정
469a3b68294c7ceb,여,용산구,20,인스타그램,업무효율
fd64b9fb44ae8483,여,중구,50,오프라인 광고,부수입 창출
92e5594b1f16d3d4,여,마포구,20,에브리타임,부수입 창출
9f7bcb4aa7bb9493,남,마포구,20,에브리타임,의사결정
129e32d21673c73c,여,강서구,30,지인추천,부수입 창출
f2d1dd198f4a42b7,남,중구,50,오프라인 광고,의사결정
157a684116c63aaf,여,관악구,20,인스타그램,문제해결
6ebe79ac6d3e179d,여,용산구,20,인스타그램,의사결정
a69266cf5bf55712,여,강남구,10,페이스북,리서치 능력
ae3ed4de96ae24e6,남,광진구,30,네이버,의사결정
594b7c4515716848,남,도봉구,20,인스타그램,의사결정
e5e39199196f6e6a,여,마포구,20,에브리타임,아이디어 실현
19ec2434b4ed149f,여,강남구,20,페이스북,부수입 창출
f7821427d1e1ed46,남,강남구,20,페이스북,의사결정
13ce359d3371b261,여,강남구,20,페이스북,아이디어 실현
dd9858f8b228cfac,남,중구,40,검색,업무효율
ea5bfdc287b4afc2,남,강남구,20,페이스북,업무효율
bbfb57bc6b2e677d,여,중구,50,오프라인 광고,아이디어 실현
a776e3ac346f5b89,여,강남구,10,페이스북,아이디어 실현
9299fc24eed7ed4f,남,은평구,30,네이버,문제해결
1855e2c8cbeb97d1,여,강남구,10,페이스북,부수입 창출
bec22fe51d8ef4be,남,은평구,30,네이버,아이디어 실현
a24f62afe138c232,남,관악구,20,인스타그램,의사결정
64f3594b58e6463f,여,용산구,20,인스타그램,리서치 능력
828ab148a9c59668,여,강남구,20,페이스북,업무효율
e2883bc6ee6da48e,여,광진구,30,네이버,업무효율
33e58c9db2289327,남,송파구,20,인스타그램,부수입 창출
bf942564cea4f499,여,도봉구,20,인스타그램,업무효율
279bdb411ceb6928,남,마포구,20,에브리타임,업무효율
ea6a8cd5a8d8654f,남,은평구,30,네이버,의사결정
ab8c21997c7c9a53,여,강남구,20,페이스북,업무효율
e846caf911b97dba,여,도봉구,20,인스타그램,부수입 창출
2e8fd17dd423a84b,남,용산구,20,인스타그램,리서치 능력
a74cd9cfa68a675f,여,용산구,20,인스타그램,의사결정
3c832b398426244e,여,관악구,20,인스타그램,업무효율
cfb52997d286c3d1,남,용산구,20,인스타그램,아이디어 실현
c6b63f8b56ba752d,남,마포구,20,에브리타임,아이디어 실현
759d688e52bb2fbf,여,송파구,20,인스타그램,의사결정
36f9f86c55fda738,여,강남구,20,페이스북,의사결정
283ff679c887d3ea,여,용산구,20,인스타그램,부수입 창출
33f13973ee156244,남,용산구,20,인스타그램,부수입 창출
3d3d485b2ca1a69c,여,중구,40,오프라인 광고,부수입 창출
3543d212d34c6715,여,강남구,20,페이스북,의사결정
f9dccb56cda2e12d,남,관악구,20,인스타그램,의사결정
4121b5a36a427a7a,남,강남구,10,페이스북,의사결정
dfbd3a834374e93d,여,광진구,30,네이버,부수입 창출
15156457b5c456db,여,강남구,10,페이스북,문제해결
cf34cdf52aabecb6,여,마포구,20,에브리타임,문제해결
93c8f64e233f6bef,남,강서구,30,지인추천,부수입 창출
b9a11adee4496149,여,중구,40,검색,부수입 창출
5a26e747c81812ff,여,강남구,10,페이스북,부수입 창출
e1637eadcfa212d3,여,강남구,10,페이스북,의사결정
4c6551bee8ecc68c,여,강남구,20,페이스북,의사결정
1d5f96de8c555791,남,중구,50,오프라인 광고,아이디어 실현
57b47ca766aa1be8,여,중구,50,오프라인 광고,리서치 능력
1bdfa1f713a6bd2d,여,중구,40,검색,업무효율
5f3872b9a85aaa24,남,강남구,10,페이스북,부수입 창출
5a2cfd96177ccccb,여,강남구,20,페이스북,아이디어 실현
4da8f1311d94aeb5,여,중구,50,오프라인 광고,아이디어 실현
bfaf32471bfccf6e,여,중구,50,오프라인 광고,문제해결
a5775624cd53a128,여,강남구,10,페이스북,부수입 창출
ec354e5d25586f3a,여,관악구,20,인스타그램,부수입 창출
a49a649759b83326,남,은평구,30,네이버,아이디어 실현
237a15a4c854a19f,여,중구,40,검색,부수입 창출
9e39ebcdb3e41fdb,여,강서구,30,검색,부수입 창출
ccd9564adf22a5f7,여,도봉구,20,인스타그램,부수입 창출
291ad78f3adfa9ee,남,광진구,30,네이버,문제해결
dfa8afb8ada36a4a,여,중구,40,검색,문제해결
e1bc2f79b2252fc1,여,중구,30,검색,부수입 창출
5f5c21784467c325,남,강남구,20,페이스북,문제해결
b393c351989e9a3e,여,강남구,10,페이스북,아이디어 실현
bdbaf49e14c32419,여,강남구,10,페이스북,부수입 창출
f6b5bdae7ecda1b9,남,송파구,20,인스타그램,문제해결
b8887f758f427bbf,여,은평구,30,지인추천,부수입 창출
72a814eeeb1ae624,남,강남구,20,페이스북,부수입 창출
b335fa2b62ce6889,남,용산구,20,인스타그램,업무효율
e2ed76e331e95a72,여,강서구,30,지인추천,의사결정
f41cdf81cd51798c,여,마포구,20,에브리타임,부수입 창출
9ac1cc87682fea2d,여,마포구,20,에브리타임,부수입 창출
dba447d7c15e74c4,남,강남구,10,페이스북,아이디어 실현
a49a417981bb1b8b,여,용산구,20,인스타그램,부수입 창출
b5a63e9b523dbc3f,여,송파구,20,인스타그램,부수입 창출
738685b48fd7c6c5,남,강서구,30,지인추천,의사결정
ff5223529725ee22,남,용산구,20,인스타그램,아이디어 실현
37484de1aab5bfce,여,강남구,10,페이스북,업무효율
e797edbdc56ad969,여,은평구,30,네이버,아이디어 실현
f738175c82c75d16,여,은평구,30,네이버,부수입 창출
2b55923c9ec81728,남,광진구,30,네이버,아이디어 실현
c29c4ed1d11c9e33,남,은평구,30,지인추천,업무효율
e511cb395d54e77b,남,광진구,30,네이버,부수입 창출
5a1d5dcbdbcca181,여,중구,50,오프라인 광고,부수입 창출
8ac5b9fae2f9dec8,여,중구,40,검색,문제해결
2b3a38ccc5a98d4c,여,강남구,10,페이스북,부수입 창출
d1d25f9342c46688,남,도봉구,20,인스타그램,업무효율
e4f2df9a2d2e12ce,남,도봉구,20,인스타그램,부수입 창출
4a7c85e94c58456e,남,관악구,20,인스타그램,의사결정
57245231bdb44e18,여,중구,50,오프라인 광고,아이디어 실현
5a7456855a3ef89d,여,강남구,20,페이스북,의사결정
8f311f9d1162ef53,여,중구,50,오프라인 광고,의사결정
3d7da7a58fd98f8e,여,마포구,20,에브리타임,부수입 창출
e7f1618141844cdd,남,광진구,30,네이버,부수입 창출
66697cd271f29685,여,용산구,20,인스타그램,부수입 창출
2a67ac582354c646,여,강남구,10,페이스북,의사결정
472a8391ffec431b,남,마포구,20,에브리타임,의사결정
bf498a7695ed1f4c,여,도봉구,20,인스타그램,부수입 창출
861b868e2c6ef4ad,여,광진구,30,네이버,의사결정
a44268f22ef29d8b,남,관악구,20,인스타그램,부수입 창출
ab38b832bcf1c742,여,도봉구,20,인스타그램,의사결정
4a95e9812ee71b12,여,강서구,30,검색,부수입 창출
8e21c37bcadcdd6d,남,중구,40,검색,부수입 창출
e2faca6f7d2546fb,여,마포구,20,에브리타임,부수입 창출
33294d64f4938e14,여,송파구,20,인스타그램,의사결정
b7343638f9c4b466,여,강남구,20,페이스북,부수입 창출
8749a4992d5b6646,남,은평구,30,네이버,업무효율
2de6b81ad89c3315,여,용산구,20,인스타그램,아이디어 실현
d191bc2716f59528,여,용산구,20,인스타그램,의사결정
b6593fec9af7e25c,여,마포구,20,에브리타임,아이디어 실현
f31643f2fd6af4a5,여,마포구,20,에브리타임,아이디어 실현
bdc7aeecd579cbda,남,강남구,10,페이스북,부수입 창출
f3f3a4791d33594a,여,강남구,20,페이스북,업무효율
6445897d51ee37d6,여,마포구,20,에브리타임,아이디어 실현
76c9aa27e4a278e6,여,강남구,10,페이스북,부수입 창출
4b1fdfebbfb37afd,여,강남구,20,페이스북,의사결정
98c932ccc29fffe5,여,강서구,30,검색,아이디어 실현
9757f775d8467bdf,남,관악구,20,인스타그램,부수입 창출
8ac6153939161e56,남,송파구,20,인스타그램,부수입 창출
dfd2d59d3f6d2b9c,여,은평구,30,네이버,업무효율
ed15f5db89e87136,남,도봉구,20,인스타그램,문제해결
481ac67183f266b3,남,강서구,30,지인추천,부수입 창출
d55ad7a1546f7d21,여,용산구,20,인스타그램,부수입 창출
a49b7fff9ebb2b48,여,광진구,30,네이버,부수입 창출
3fb8c77737c82446,여,은평구,30,네이버,업무효율
3e3194c6837a28ac,여,강서구,30,지인추천,업무효율
4a66b2bf9a7a8a44,여,광진구,30,네이버,문제해결
beca5355d9a8158a,남,용산구,20,인스타그램,업무효율
aa8ee4bc74f857c9,여,도봉구,20,인스타그램,부수입 창출
57f1413b7ae47a1a,여,중구,40,검색,문제해결
7b5e6252dacf866b,남,용산구,20,인스타그램,아이디어 실현
6efefded4d773ed3,여,중구,40,오프라인 광고,의사결정
f44ece979c6dd81d,남,송파구,20,인스타그램,의사결정
9eb254727cacd86b,여,마포구,20,에브리타임,의사결정
dcd8fa8fd3dc323d,여,마포구,20,에브리타임,업무효율
cc4f7cdd662e2ca1,여,용산구,20,인스타그램,부수입 창출
7fcb3f63e65aa878,남,용산구,20,인스타그램,아이디어 실현
4d8b55a3c2ea5d5f,여,마포구,20,에브리타임,부수입 창출
dd11e11eb9d98d3f,여,중구,40,검색,부수입 창출
e98c822227f9be6d,남,중구,50,오프라인 광고,의사결정
f62c77bb4f343cbe,여,광진구,30,네이버,아이디어 실현
65f4535f38b4fa2e,여,중구,30,검색,부수입 창출
81d92667c2238cc9,여,광진구,30,네이버,부수입 창출
5cc64c7b32ed789b,여,은평구,30,네이버,리서치 능력
1fb1d9883d2b3828,남,강남구,20,페이스북,아이디어 실현
211d23ad79734d7a,여,용산구,20,인스타그램,의사결정
82d88b3a9566582e,여,중구,40,오프라인 광고,업무효율
bc9adbedf6bf1154,남,강서구,30,검색,부수입 창출
dbfdd21e2183419c,남,용산구,20,인스타그램,부수입 창출
c67524f3b89bf666,여,은평구,30,네이버,부수입 창출
de92894d3b39b9f1,여,도봉구,20,인스타그램,문제해결
4746667dd326ab53,여,용산구,20,인스타그램,업무효율
f3d771a5db8623b6,남,도봉구,20,인스타그램,업무효율
79caf963a7d131a8,여,광진구,30,네이버,업무효율
75385b45bf19be67,여,용산구,20,인스타그램,부수입 창출
ba855666dc96256b,남,강서구,30,검색,업무효율
ab16e8e4ddefbfa6,남,도봉구,20,인스타그램,문제해결
7c2429d1a12cbe81,여,강남구,10,페이스북,부수입 창출
fc1b4329a732c521,여,마포구,20,에브리타임,의사결정
9dd8dd168e3db17f,남,광진구,30,네이버,문제해결
f4de6763dc9b1146,여,중구,50,오프라인 광고,부수입 창출
ad6b947e663cfe8a,남,용산구,20,인스타그램,부수입 창출
6b65eaa3bc8bde53,여,강남구,10,페이스북,문제해결
c3d78b272df4f332,여,도봉구,20,인스타그램,의사결정
15c33b5a2b53f825,여,강서구,30,지인추천,의사결정
73689eb1beb37b24,남,은평구,30,지인추천,문제해결
642c9ec83d39465e,여,도봉구,20,인스타그램,부수입 창출
e759ca2378c7f37f,남,마포구,20,에브리타임,의사결정
a74beeaf89e85d2a,남,마포구,20,에브리타임,부수입 창출
82549d23911ff3ef,남,도봉구,20,인스타그램,아이디어 실현
26235b88724b35f2,여,은평구,30,네이버,의사결정
5f58e5e613debac6,여,강남구,20,페이스북,부수입 창출
c69e1dfe16cf54d3,남,강남구,20,페이스북,업무효율
76868f6f2d8a6c73,남,은평구,30,네이버,아이디어 실현
ceaf6bded2d8c34f,여,강남구,10,페이스북,업무효율
d9995654db656bc6,여,관악구,20,인스타그램,의사결정
9f2348c1777cde99,여,용산구,20,인스타그램,문제해결
23933e6a8524e8aa,여,은평구,30,지인추천,부수입 창출
5b42e35ac146ac3b,여,은평구,30,지인추천,문제해결
2a228548ec34b627,여,중구,40,검색,아이디어 실현
23cc71ad6f59b253,남,송파구,20,인스타그램,의사결정
6e4af179b51ddbe4,여,강남구,10,페이스북,문제해결
bccaedc22f41e467,여,관악구,20,인스타그램,부수입 창출
faf19a5364b8aa5d,여,강남구,10,페이스북,부수입 창출
1e11ff2e22f26b17,여,송파구,20,인스타그램,아이디어 실현
a4eeac947c41374c,여,은평구,30,지인추천,부수입 창출
df6557ed2517a983,여,관악구,20,인스타그램,아이디어 실현
b546944211bb96d2,남,중구,40,검색,업무효율
ffd18637922aab7a,남,강남구,10,페이스북,업무효율
4ad81e9e8567f1e5,여,광진구,30,네이버,업무효율
d831ae1176928d4a,여,은평구,30,지인추천,문제해결
e248e9478577522d,여,강남구,20,페이스북,부수입 창출
75245ac438587cb8,남,강남구,10,페이스북,부수입 창출
8c9c13932dbec967,여,강남구,10,페이스북,의사결정
f28538f759dd6bd4,여,은평구,30,지인추천,의사결정
b22d7ff6c33b6d66,남,광진구,30,네이버,부수입 창출
6a61e952c7e6d511,남,마포구,20,에브리타임,의사결정
ceb52e22542229a6,여,강서구,30,검색,아이디어 실현
f2b356babbf43884,여,강남구,10,페이스북,문제해결
1f4874616685b9fe,여,송파구,20,인스타그램,부수입 창출
82c642d33936224f,남,도봉구,20,인스타그램,의사결정
74764be5f6153dd1,여,강남구,20,페이스북,업무효율
dfdb748584e82416,남,은평구,30,지인추천,아이디어 실현
23972e8c9c33b48b,여,강서구,30,검색,아이디어 실현
6dce6ba3714b9393,여,용산구,20,인스타그램,부수입 창출
9bc936ac76de9c24,여,송파구,20,인스타그램,부수입 창출
aac12b91f31f422a,여,중구,40,검색,부수입 창출
cca5f6e65c2b3447,남,용산구,20,인스타그램,부수입 창출
ab4cf373bc641a41,남,마포구,20,에브리타임,부수입 창출
8b41a8934e9dabce,여,용산구,20,인스타그램,부수입 창출
97dbf86724168de4,여,중구,40,오프라인 광고,부수입 창출
f11f311e77dc8f3d,여,중구,50,오프라인 광고,업무효율
1eb7aca9d4ecdd4b,남,강서구,30,지인추천,아이디어 실현
1b886c9a3167eca8,여,강남구,20,페이스북,문제해결
2f731a379a756f57,여,강서구,30,검색,의사결정
4d2de4d25a2c8ca8,남,강남구,20,페이스북,아이디어 실현
beb4f148b6431a2d,남,광진구,30,네이버,문제해결
b68aba9c4a7bb963,여,은평구,30,네이버,부수입 창출
8b2866ec65cc67f3,여,광진구,30,네이버,문제해결
a3975c417f9dfabc,여,은평구,30,지인추천,부수입 창출
dd973113f594aaa3,남,광진구,30,네이버,업무효율
a9adacfcc4d7fd5f,여,강서구,30,검색,문제해결
da2a93b1bbcb74e3,여,마포구,20,에브리타임,부수입 창출
d8fe96dfdd81a62d,남,관악구,20,인스타그램,아이디어 실현
84b544e3793a6394,남,도봉구,20,인스타그램,부수입 창출
85fe1c56b1c87b17,여,강서구,30,지인추천,업무효율
f6236953bacf5319,여,도봉구,20,인스타그램,부수입 창출
1639d526fa418835,남,송파구,20,인스타그램,리서치 능력
6d5b352a877354b4,여,강남구,10,페이스북,업무효율
fcbf2a8f6f36e4c1,여,강남구,20,페이스북,아이디어 실현
89cf57422194242e,남,송파구,20,인스타그램,문제해결
4b284217e6e5e1cd,여,송파구,20,인스타그램,부수입 창출
5e1a7e537fb68cc5,여,광진구,30,네이버,아이디어 실현
e8f98b333c8fe64e,남,강서구,30,지인추천,리서치 능력
f913dd27214c35d5,여,강남구,10,페이스북,부수입 창출
9232fecfb578795f,여,강남구,10,페이스북,부수입 창출
3a12b168d2e5e87b,여,도봉구,20,인스타그램,의사결정
e58cedd1f11f339b,여,강서구,30,지인추천,리서치 능력
fa2665ad814f9c43,여,강남구,10,페이스북,부수입 창출
c769cc7f49e68b1c,여,송파구,20,인스타그램,의사결정
aea5c92bd5f211d6,여,강남구,20,페이스북,부수입 창출
9a9ee6d45b1d88bc,여,강남구,20,페이스북,의사결정
7e9abe67b1eaa565,여,중구,40,오프라인 광고,부수입 창출
c21f8683e6343725,여,은평구,30,지인추천,리서치 능력
c2cd98239fa41935,남,송파구,20,인스타그램,의사결정
f331b7f7338151c9,여,용산구,20,인스타그램,부수입 창출
599667b9e31b756f,여,강남구,20,페이스북,부수입 창출
83d42a42f21eef17,남,강남구,20,페이스북,부수입 창출
c59444f18e8fd541,여,도봉구,20,인스타그램,부수입 창출
25ab64255a369f72,여,광진구,30,네이버,의사결정
d46db5f4269541be,여,관악구,20,인스타그램,부수입 창출
e1342ce6ad9e8d5a,남,광진구,30,네이버,의사결정
f3419c115eda318f,남,송파구,20,인스타그램,업무효율
44ed14a2f66fcc72,남,강남구,20,페이스북,부수입 창출
644ef9fbc15228dd,여,강남구,20,페이스북,의사결정
7623829b5b5f7839,여,마포구,20,에브리타임,업무효율
3cbdca798b1515a9,여,강남구,20,페이스북,리서치 능력
f7774c137b11c37c,여,강남구,20,페이스북,의사결정
5c21347b6bc4734b,여,관악구,20,인스타그램,부수입 창출
8df94129ca49c777,여,관악구,20,인스타그램,의사결정
6d74ed4d69f9abbf,남,은평구,30,지인추천,업무효율
64f729daab52d9c5,여,광진구,30,네이버,의사결정
ece712621d8c65a8,여,강남구,10,페이스북,의사결정
676b9e479585e43b,여,강서구,30,지인추천,부수입 창출
2dab594e819c3d1e,여,강남구,20,페이스북,아이디어 실현
49f4ec5f6ffb7d1e,남,강남구,20,페이스북,부수입 창출
2c76bb67aff1fe69,남,마포구,20,에브리타임,부수입 창출
a5db6b88ff3d5358,여,마포구,20,에브리타임,부수입 창출
7fd5dd84cbb66875,여,강남구,10,페이스북,의사결정
5b158649413e8b41,여,마포구,20,에브리타임,아이디어 실현
2994cd5567cf7eaa,남,은평구,30,지인추천,부수입 창출
aa5c25279be4c7d5,여,용산구,20,인스타그램,의사결정
f1f2b67161658e27,여,중구,40,검색,부수입 창출
c335442faf333b5c,여,도봉구,20,인스타그램,부수입 창출
8b8b8391eeeeb58e,여,광진구,30,네이버,부수입 창출
b81586b7c32648af,여,강서구,30,지인추천,부수입 창출
ad66a6a521165336,남,관악구,20,인스타그램,의사결정
68591e2321fb476e,여,마포구,20,에브리타임,문제해결
9e9fafb369134ed2,여,은평구,30,지인추천,업무효율
3e96d6c1bfbc2b71,남,강남구,10,페이스북,의사결정
3b455c5e235f44fb,남,용산구,20,인스타그램,부수입 창출
e6865944f7d34119,여,송파구,20,인스타그램,부수입 창출
7c44e732f8582afe,여,도봉구,20,인스타그램,부수입 창출
a19278ec4e52aee2,남,광진구,30,네이버,부수입 창출
7534e5117de23398,남,은평구,30,지인추천,문제해결
cc472d3c8b14fd32,남,강서구,30,검색,아이디어 실현
632b94a2ac1476a7,여,강남구,20,페이스북,아이디어 실현
ed9a98c371e262a9,여,광진구,30,네이버,부수입 창출
51cd72b448913fce,여,은평구,30,네이버,의사결정
6d844c56b349a5ef,여,마포구,20,에브리타임,부수입 창출
a6fed964c731865f,여,광진구,30,네이버,업무효율
411e2cc1998cf1ce,남,마포구,20,에브리타임,문제해결
31fc2629a9a5141a,남,강남구,10,페이스북,문제해결
86328aaddfa634b1,여,중구,40,검색,부수입 창출
dd18cb6216955ba9,여,관악구,20,인스타그램,의사결정
fbe23c6ae8fc1f61,남,관악구,20,인스타그램,부수입 창출
433481236af7a4d2,남,송파구,20,인스타그램,부수입 창출
dfeaa414a1d8a52b,여,광진구,30,네이버,아이디어 실현
2e3c67dc692f6785,여,도봉구,20,인스타그램,의사결정
dd14a6a6589c98c1,여,강남구,20,페이스북,업무효율
eac13f1e65eab918,여,도봉구,20,인스타그램,의사결정
39b17e6e769cff41,남,송파구,20,인스타그램,부수입 창출
bd9795a4f63f9149,여,송파구,20,인스타그램,문제해결
da7a3f26ff1ab728,여,중구,40,오프라인 광고,리서치 능력
47abf87249abd22f,남,용산구,20,인스타그램,의사결정
13cc31c34e86e21c,남,은평구,30,네이버,부수입 창출
db7aacc1bb178411,여,은평구,30,지인추천,부수입 창출
bb7f356662533d6e,여,강서구,30,지인추천,의사결정
43a3f6f364e2e2e8,여,관악구,20,인스타그램,의사결정
fe3de3c3bd3543cb,남,송파구,20,인스타그램,부수입 창출
2dbac4c37afcf844,여,중구,40,검색,부수입 창출
ea83b5752b392e2e,여,은평구,30,지인추천,부수입 창출
4ab7bde33fb2ee66,여,강서구,30,지인추천,부수입 창출
88ceace3a47788fb,여,중구,40,검색,업무효율
d5af46bde987caf2,남,은평구,30,네이버,리서치 능력
a4a551e78b1514fb,여,마포구,20,에브리타임,부수입 창출
47bc18abf8dd317a,여,용산구,20,인스타그램,문제해결
7bb837d43591c9cd,남,강남구,20,페이스북,아이디어 실현
6242a864dc965cf3,남,광진구,30,네이버,부수입 창출
efcde1ffb12e5773,여,도봉구,20,인스타그램,부수입 창출
c6f3baa687a5b6ee,여,광진구,30,네이버,부수입 창출
4a93544d7c3f1fcf,여,강남구,20,페이스북,의사결정
7cf65923f4543181,여,강남구,20,페이스북,부수입 창출
83bc75df47ccef35,여,중구,30,검색,부수입 창출
3be1fcf2ab614ce6,여,은평구,30,네이버,아이디어 실현
64283811fa4ece7a,남,강남구,20,페이스북,부수입 창출
2698d3e64963cebe,남,강남구,10,페이스북,리서치 능력
58efb4d42232e6ab,여,은평구,30,네이버,업무효율
acdfe45a544276b4,여,강남구,20,페이스북,업무효율
551b1a8c3d59e937,여,은평구,30,네이버,의사결정
8be9b8f3c24c9aa5,여,도봉구,20,인스타그램,의사결정
23f63f221d4e36a1,여,강남구,10,페이스북,문제해결
6faf585897e1d3a9,남,강남구,10,페이스북,부수입 창출
76ef86e11bc87c58,여,강남구,20,페이스북,업무효율
43d15257d7141415,여,마포구,20,에브리타임,아이디어 실현
77661d1c2c8d276f,여,송파구,20,인스타그램,아이디어 실현
ed75c2c9889124ff,여,마포구,20,에브리타임,부수입 창출
fa4454a8c8494baa,남,중구,40,오프라인 광고,업무효율
1ba61d2e377c36a8,남,강서구,30,지인추천,문제해결
bcadf9eb3e593bd8,남,강서구,30,지인추천,아이디어 실현
5fa9ca3faed26f9d,여,광진구,30,네이버,의사결정
fce1a966cfde8d2e,여,광진구,30,네이버,부수입 창출
a3a7294848fc8ff6,남,은평구,30,네이버,부수입 창출
18fd3eb6916f9cf4,남,도봉구,20,인스타그램,아이디어 실현
11a5b75f74b1986f,남,도봉구,20,인스타그램,리서치 능력
23a3ede861aba48c,여,광진구,30,네이버,의사결정
235fc6175a8c41fb,여,강남구,10,페이스북,부수입 창출
7856c5de99f3cb7f,여,중구,50,오프라인 광고,부수입 창출
dc85beca34b84f35,남,강남구,10,페이스북,아이디어 실현
611e65a5a8c34a34,여,마포구,20,에브리타임,리서치 능력
8368dd299156661f,여,용산구,20,인스타그램,부수입 창출
266254cd2ac6f848,여,도봉구,20,인스타그램,부수입 창출
773b6747e43c3d39,여,도봉구,20,인스타그램,아이디어 실현
18f996977c188153,여,광진구,30,네이버,아이디어 실현
a7344811682c1354,남,관악구,20,인스타그램,부수입 창출
d1592ce1ccd6e5fb,남,중구,40,검색,부수입 창출
55db1416d488e231,여,도봉구,20,인스타그램,의사결정
8f27eccbd3aab6be,여,송파구,20,인스타그램,의사결정
6221ec264859d3a9,여,마포구,20,에브리타임,부수입 창출
af5d6fbd8eed8398,여,강남구,10,페이스북,문제해결
9ba9361dd2566998,남,송파구,20,인스타그램,부수입 창출
32c14c4d6b7242ab,여,광진구,30,네이버,부수입 창출
d92ce68b93a2b5e7,남,은평구,30,지인추천,리서치 능력
b1bdb7319aaf7976,여,은평구,30,지인추천,의사결정
586b2ccae64879fe,여,강남구,10,페이스북,의사결정
15c85dccb64689f9,여,도봉구,20,인스타그램,부수입 창출
774ae5db943ecf32,남,마포구,20,에브리타임,부수입 창출
7348bc136ea2958c,여,마포구,20,에브리타임,의사결정
2c6dd9c6d3146898,남,은평구,30,지인추천,부수입 창출
fd6347d89e3ef6c8,여,도봉구,20,인스타그램,부수입 창출
8d5fe88477ea29a3,여,은평구,30,네이버,부수입 창출
cf9d31181f4af2b9,여,강남구,20,페이스북,부수입 창출
d5c93329c1e9d384,여,마포구,20,에브리타임,아이디어 실현
5161f16c928dbfa4,남,용산구,20,인스타그램,부수입 창출
e96b387b46927c73,여,강남구,10,페이스북,부수입 창출
e6f9acbe32fa9c73,남,용산구,20,인스타그램,업무효율
192619c81a18b4a7,여,도봉구,20,인스타그램,부수입 창출
2b353399e8a988d3,여,도봉구,20,인스타그램,부수입 창출
efa9acf5f49dee29,여,용산구,20,인스타그램,부수입 창출
d36c812e9619653d,여,마포구,20,에브리타임,부수입 창출
3694635ee5a93393,여,강서구,30,지인추천,문제해결
496cac966a9689c7,여,관악구,20,인스타그램,업무효율
fcf6bafffdec5d4c,여,은평구,30,네이버,문제해결
17e674da412daddc,여,용산구,20,인스타그램,부수입 창출
33dd1fa15563b113,남,중구,40,오프라인 광고,의사결정
a11f3ba3631b34ef,남,마포구,20,에브리타임,아이디어 실현
dbd996b4965a959f,여,강남구,10,페이스북,의사결정
fcf67567e348a84c,여,용산구,20,인스타그램,의사결정
45a75e872d565831,여,광진구,30,네이버,문제해결
a9f7b4a81b8c5be7,남,용산구,20,인스타그램,부수입 창출
644d71b2d823de24,여,강남구,20,페이스북,부수입 창출
f2e57f6ccc21f733,남,강서구,30,검색,부수입 창출
7c2c62c9ae18a5a5,여,중구,40,검색,아이디어 실현
2f6896b2d49c48c4,여,강남구,10,페이스북,업무효율
186b21574a5f387e,남,중구,40,검색,부수입 창출
38b58268ca1743f1,여,용산구,20,인스타그램,아이디어 실현
44db1a58531a7a1d,남,은평구,30,지인추천,부수입 창출
db957dd41711e49e,여,용산구,20,인스타그램,의사결정
5f2757f3ddb3b2a9,여,광진구,30,네이버,의사결정
eccb73d1a69937f3,남,용산구,20,인스타그램,부수입 창출
84e846c22e2b868a,여,중구,40,검색,의사결정
46aebdd6319948cc,남,강남구,10,페이스북,문제해결
5b61e8ba234eda32,남,강남구,10,페이스북,의사결정
1bfc76b7e587d19b,여,강서구,30,지인추천,업무효율
97171b72d193f91d,여,강서구,30,지인추천,부수입 창출
db9757ffd7d745dd,여,도봉구,20,인스타그램,리서치 능력
4641b6fc8edfaafe,여,강남구,20,페이스북,아이디어 실현
5f8e2f571dc81edc,남,강남구,20,페이스북,업무효율
5bc7e9fccff22f84,남,중구,40,검색,업무효율
9e4cd2d9eb569bc7,여,광진구,30,네이버,아이디어 실현
f11fee917a7dd436,여,은평구,30,지인추천,리서치 능력
de24574beeb7e169,여,중구,40,검색,부수입 창출
a8188849acd22a16,남,강서구,30,지인추천,업무효율
622b35edc8b546e8,여,강남구,10,페이스북,부수입 창출
fa8eb5df723fe948,여,강남구,10,페이스북,의사결정
4c8e17e2cd6d8bb4,남,송파구,20,인스타그램,부수입 창출
ff49a6354acb2b74,남,관악구,20,인스타그램,부수입 창출
5d96db888bef3bbf,여,관악구,20,인스타그램,문제해결
956e45ebd6bd47f7,여,도봉구,20,인스타그램,의사결정
345d5a4d38b2bf4a,여,은평구,30,지인추천,문제해결
c31ea783cdec7296,여,관악구,20,인스타그램,아이디어 실현
59dc86d173db4247,남,마포구,20,에브리타임,부수입 창출
ee38d3f4af142764,남,용산구,20,인스타그램,아이디어 실현
712413baa6c2eba4,남,중구,40,검색,리서치 능력
e2e865ec8b8de3ac,여,강서구,30,검색,부수입 창출
8c9f3ea682453d4a,여,광진구,30,네이버,문제해결
dc71c2f54169f64c,여,은평구,30,지인추천,문제해결
3ce8e2afc7a9ec7a,여,강남구,20,페이스북,의사결정
6b81b2fadc4e14a7,남,중구,40,오프라인 광고,리서치 능력
3727a63496ffd3bd,여,강남구,10,페이스북,부수입 창출
79dc81dc471e69b1,여,은평구,30,네이버,부수입 창출
4fdf7286d28cf8b6,남,강남구,10,페이스북,아이디어 실현
3343e78497992628,남,마포구,20,에브리타임,의사결정
7cefc35bd22c82f8,여,중구,40,검색,부수입 창출
392ce586ed27c6b2,여,용산구,20,인스타그램,아이디어 실현
cbfcf2b3a3c59d23,여,광진구,30,네이버,부수입 창출
53bc632a851436e3,여,용산구,20,인스타그램,아이디어 실현
ac975f5598e35932,남,도봉구,20,인스타그램,부수입 창출
7df988d79a7dde45,여,강남구,10,페이스북,부수입 창출
75af69c9f543c3e5,남,은평구,30,지인추천,의사결정
d2b1c7f21838a97a,여,마포구,20,에브리타임,문제해결
8f68f1855cc2217b,여,중구,50,오프라인 광고,의사결정
454a5627f9cc4df5,여,관악구,20,인스타그램,의사결정
aac857853736f57b,남,마포구,20,에브리타임,부수입 창출
bab42a34a81bc68a,여,강서구,30,검색,아이디어 실현
15a8fba6dc719c28,여,도봉구,20,인스타그램,의사결정
ef96ad165c31e6b3,여,강남구,10,페이스북,의사결정
aec58125477d6cad,여,중구,50,오프라인 광고,의사결정
46cb5c4746689c59,남,도봉구,20,인스타그램,의사결정
b5548ff3362182ff,여,마포구,20,에브리타임,부수입 창출
1a3de1a144b9d98b,여,강남구,10,페이스북,문제해결
e283a79b7a8de2eb,남,용산구,20,인스타그램,아이디어 실현
35b38f45e9eccbb2,여,은평구,30,지인추천,업무효율
7dd7e253ffa1eb31,여,도봉구,20,인스타그램,부수입 창출
5eef164bb26976c9,여,중구,50,오프라인 광고,문제해결
bc93cbf366fbbeb7,여,은평구,30,네이버,아이디어 실현
9f1dd6fb76cb7537,여,도봉구,20,인스타그램,부수입 창출
73d67315bdfb8f19,여,광진구,30,네이버,의사결정
b6d77f8b2cbd1d2d,남,강서구,30,지인추천,부수입 창출
7de5c895b81f81fd,여,용산구,20,인스타그램,업무효율
b1d282a8a8b783f9,여,강남구,20,페이스북,아이디어 실현
f3851a7949b6a759,남,중구,50,오프라인 광고,리서치 능력
359c2e5bf4387d7f,여,강남구,20,페이스북,리서치 능력
794b7a6123247ddd,여,광진구,30,네이버,부수입 창출
cffdbae13426cb71,여,마포구,20,에브리타임,업무효율
d92bc164bb76d69e,남,관악구,20,인스타그램,아이디어 실현
36e7c14afaaac975,여,용산구,20,인스타그램,부수입 창출
af9f5a544da8f521,여,강서구,30,검색,아이디어 실현
2f3bb55381d93296,남,마포구,20,에브리타임,의사결정
3fb9a44432f99394,남,강남구,10,페이스북,의사결정
dbc429ae4af18365,여,강남구,20,페이스북,의사결정
91eee3c22854de18,여,은평구,30,지인추천,문제해결
4421553e23ad7ea4,남,강남구,10,페이스북,부수입 창출
762b5ad3136d29f2,여,관악구,20,인스타그램,의사결정
3caa3426ec6cb5ff,여,강서구,30,검색,부수입 창출
abb18ec3b526f58c,남,강서구,30,지인추천,아이디어 실현
2438bf13b2fcefcc,남,강남구,10,페이스북,의사결정
589ea8ebee5c7185,여,강남구,20,페이스북,부수입 창출
3ab9c979d862aade,여,중구,40,검색,부수입 창출
3c563f2bc5d3be62,여,마포구,20,에브리타임,부수입 창출
f928189a47a19c9e,여,강서구,30,지인추천,의사결정
4c94312c1f53fece,여,강서구,30,검색,부수입 창출
6cecacc9b962b838,남,용산구,20,인스타그램,부수입 창출
81993b4e99e8a8d8,남,강남구,10,페이스북,부수입 창출
2282651e153bce3b,여,강남구,20,페이스북,의사결정
e5d2c447e62244f2,여,도봉구,20,인스타그램,문제해결
256d5b841f3ae36d,여,마포구,20,에브리타임,의사결정
e275bc27e75fb6d8,남,용산구,20,인스타그램,의사결정
c9424e3fd5f7cdfc,남,용산구,20,인스타그램,부수입 창출
bd8e9d24c67ebce3,남,광진구,30,네이버,부수입 창출
d1977cf16b7d62bf,여,은평구,30,네이버,부수입 창출
2cda282531ef7aa6,여,강남구,10,페이스북,의사결정
1a4259bcb73b8615,여,강남구,10,페이스북,의사결정
a8ab5a426be8f1ad,여,도봉구,20,인스타그램,부수입 창출
c4b7834ea5eec4b9,여,강남구,10,페이스북,부수입 창출
1dff3d7ab88341e5,남,관악구,20,인스타그램,의사결정
262d7dd77ee8db5a,남,광진구,30,네이버,아이디어 실현
e1ea6c4e53a37ec4,여,강서구,30,지인추천,부수입 창출
bda6bead165388f1,여,마포구,20,에브리타임,부수입 창출
322a94a5f9b2e3cf,여,용산구,20,인스타그램,부수입 창출
eb165327a41db515,남,도봉구,20,인스타그램,아이디어 실현
8e23211e366bb3f5,여,중구,40,오프라인 광고,부수입 창출
299376fd1ffe6bc2,여,중구,30,검색,부수입 창출
9b7e3853dae4612d,남,마포구,20,에브리타임,부수입 창출
6d323b4aeefa6c54,여,은평구,30,지인추천,부수입 창출
b678d5b39b8741c4,여,은평구,30,지인추천,부수입 창출
6b64dc46dcd73476,여,중구,40,검색,의사결정
9a396961f88f1777,남,중구,40,오프라인 광고,부수입 창출
ccd2e4ed96f723f8,남,강남구,20,페이스북,의사결정
1bd6b5975f3fe8ac,남,용산구,20,인스타그램,의사결정
28ec4dfd896a64f7,여,강남구,20,페이스북,부수입 창출
82251fa66326a3f5,여,강남구,10,페이스북,아이디어 실현
fe6634a37f5a32c2,여,은평구,30,네이버,부수입 창출
5c7b4fc15841856c,여,관악구,20,인스타그램,부수입 창출
5c91fbcc936d23fe,남,마포구,20,에브리타임,아이디어 실현
3ea89cc1863f267a,여,강남구,20,페이스북,아이디어 실현
c49fb414217a7d25,남,강서구,30,지인추천,의사결정
89ce22ca2bec2ebf,여,광진구,30,네이버,아이디어 실현
f813c8f7bde7e7e4,여,강남구,10,페이스북,부수입 창출
cbfb3912fd5b9ab7,여,은평구,30,네이버,부수입 창출
b7b319186f84ba97,여,강남구,20,페이스북,아이디어 실현
11757bc7498c2456,여,광진구,30,네이버,의사결정
afd638df3de8dd79,여,광진구,30,네이버,의사결정
c45f13bb114f9ccf,남,도봉구,20,인스타그램,부수입 창출
6e1ed5b67235e315,여,송파구,20,인스타그램,업무효율
aa6f4df4519de682,여,광진구,30,네이버,부수입 창출
9dde5ff2e1a421e3,여,용산구,20,인스타그램,의사결정
e97628a132c5c224,여,관악구,20,인스타그램,업무효율
8551a66edddca3f8,남,강서구,30,지인추천,리서치 능력
8a8ff8df7c575a53,여,광진구,30,네이버,리서치 능력
fb291142bd35fcba,남,은평구,30,네이버,부수입 창출
8286467634821a72,남,강남구,10,페이스북,리서치 능력
c7899e874a5f9774,여,강서구,30,검색,부수입 창출
38d6dd939c69e984,여,은평구,30,지인추천,의사결정
1e13675bfed24bbe,남,광진구,30,네이버,문제해결
42e39ed41db51785,여,강남구,10,페이스북,아이디어 실현
1c8cf84f8b732c6f,여,용산구,20,인스타그램,의사결정
444bbe27f4d2a3d6,남,강서구,30,지인추천,업무효율
be645e19b566e352,여,은평구,30,네이버,아이디어 실현
9424f9c2bfaeb634,여,중구,40,오프라인 광고,의사결정
443773a2e22c66e4,여,관악구,20,인스타그램,부수입 창출
ca755e11ae21b3f2,남,광진구,30,네이버,부수입 창출
c1cbdf597b5ceb4b,남,중구,50,오프라인 광고,부수입 창출
d9c57d12c31f6922,남,도봉구,20,인스타그램,의사결정
1d71621f8a152f5a,여,용산구,20,인스타그램,부수입 창출
4b2865ad881e972d,여,중구,50,오프라인 광고,부수입 창출
963e3c6192c2dd1b,여,용산구,20,인스타그램,아이디어 실현
d3141796545ca19a,남,강서구,30,지인추천,문제해결
6d1e9b918cbb5ff9,남,중구,40,검색,업무효율
dfc739a55d524f25,여,강남구,20,페이스북,부수입 창출
9275f9eb9f315bf9,여,강서구,30,지인추천,부수입 창출
941427e3f2df9ad3,여,송파구,20,인스타그램,문제해결
a165d428af3d52d3,여,중구,40,검색,부수입 창출
ad3ac62ba985c8f5,남,중구,40,오프라인 광고,부수입 창출
f9e3b4cd37137a78,여,은평구,30,네이버,의사결정
bab172f5a9b226ea,여,광진구,30,네이버,부수입 창출
6a2e8ced7567fe31,남,강남구,10,페이스북,업무효율
abceca5c2f5edd69,남,강남구,20,페이스북,부수입 창출
5d717cfb4b43a646,여,강남구,10,페이스북,부수입 창출
1fb26e42715e57f2,여,강남구,20,페이스북,의사결정
76c2263f11ba765a,여,강서구,30,검색,의사결정
898e46f2fc99e8ce,남,마포구,20,에브리타임,부수입 창출
e3e82ab229ef5627,남,마포구,20,에브리타임,업무효율
b4c71a5176f71f79,여,은평구,30,지인추천,부수입 창출